text,label
leather bag  structured handbag metallic purse orange purse,Formal
short dress mini dress satin dress layered dress top panel shirt sheer mesh top hair-accessory ,Formal
givenchy leather purse metallic purse vita pearl jewelry stackable ring,Formal
platform shoe ankle strap shoe high heel shoe heeled sandal toe shoe  crystal jewelry stacking ring jewelry,Formal
high heel boot ankle boot red dress silver short slingback shoe taupe satin,Formal
pencil skirt black shoe evening shoe platform shoe heeled sandal heel-stiletto high crossbody handbag blue purse tassel purse flap,Formal
crystal satin cocktail ring green jewelry aqua ring matte gold ring,Formal
stiletto shoe heel-stiletto high glitter pump heel-pump stiletto rounded toe pump ,Formal
patent leather shoe pointed toe flat strappy shoe strap shoe ,Formal
black booty leather boot chelsea boot cutout booty green purse vegan leather handbag,Formal
satin sleeveless dress ruffle dress flounce dress white dress zipper back dress,Formal
white cocktail dress sequin dress silk dress metallic dress snakeskin dress,Formal
metallic flat mid heel shoe vinyl shoe clear handbag pink purse clutch wristlet purse gold jewelry,Formal
sheer top shirt top button front shoe patent leather shoe polish shoe shiny shoe blue purse metallic purse satin purse pocket purse ,Formal
collared shirt blue skirt midi skirt mid calf skirt pattern skirt print skirt steve high heel shoe mesh,Formal
snakeskin purse snake print handbag embossed purse rose gold jewelry black watch kohl jewelry,Formal
lace dress maxi dress pink rose dress mini dress fit flare silk skirt embroidered shirt,Formal
embellished purse gold jewelry 14k ring halo diamond ring heel pump high heel shoe leather sole,Formal
red pump heel pump high heel shoe pointedtoe pump patent leather pump,Formal
magnetic bracelet gold bracelet bangle bracelet engraved bracelet hinged bracelet gold,Formal
leather look jean black pump heel pump high heel shoe pointedtoe pump nude pump,Formal
jumpsuit suit jumpsuit white jumpsuit patterned v-neck deep white shoe platform heart necklace leather necklace pendant necklace,Formal
steel sapphire ring silver jewelry ring  jewelry midi ring stackable ring knuckle ring ring bronze,Formal
white blouse silk blouse long sleeve top print blouse ivory top leather shoe black shoe wingtip shoe oxford shoe lace up shoe midi ring,Formal
white skirt silk skirt leather purse bucket bag mini purse drawstring shoulder bag silver embroidered top ,Formal
sleeveless top white top sheer top mock neck top silver embroidered skirt flouncy skirt ruffle skirt frill skirt,Formal
silk top eyelet top boxy top beige top frame white lace top sleeveless dress plunging neckline dress plunge neck dress,Formal
shirt top black jean skinny jean distressed jean ripped jean long skirt,Casual
circle skirt bodycon skirt short boot suede boot chunky booty,Casual
hoodie crop top denim shirt blue shirt shirt top stretch shirt corduroy,Casual
sweater blue skirt floral skirt flower print skirt reversible skirt zipper skirt  ,Casual
blue shirt top colorblock tote skirt flower print skirt floppy hat brim-hat wide hat black jean skinny jean,Casual
knee length skirt cotton skirt floral skirt destroyed jean slipon shoe flat shoe yellow ,Casual
green shoe bamboo shoe leather sole shoe tan shoe open toe shoe leather purse satchel handbag green purse handle satchel,Casual
floral dress colorful dress multicolor dress short sleeve shirt white shirt shirt print shirt pattern shirt,Casual
short torn short distressed boyfriend short ripped short jean short denim converse trainer shoe shoe beanie hat,Casual
short torn short distressed short sandal heeled sandal open toe shoe striped shoe,Casual
ring eye-glass cat yellow glass tank dress uniqlo t-shirt graphic short sleeve tee short short  flat shoe heeled sandal,Casual
crop-top white t-shirt white organic corduroy cotton tee sleeveless shirt crop top ,Casual
skater skirt circle skirt pastel dress knee length dress blue jean boyfriend jean distressed jean ripped jean,Casual
crop top shirt  jean short denim short ombre short slipon shoe yellow sneaker flower crown elastic,Casual
strappy shoe lacing sneaker flower crown elastic headband headband hair-accessory headband floral garland,Casual
headband headband floral garland stretch headband sleeveless shirt crop top pink shirt cotton shirt loose tank no sleeve,Casual
corduroy shirt jean short denim short cotton short zipper short cuffed short flat shoe pink,Casual
long sleeve top print blouse flannel blouse pattern top blue jean skinny jean distressed jean,Casual
ripped jean destroyed jean midrise jean crop top tank-top camisole floral top yellow tank cami tank cropped cami denim short highwaisted short,Casual
white shoe wedge stud earring flower earring  daisy earring sunglass pink glass yellow,Casual
long sleeve sweater red shirt cable knit sweater pullover sweater loose sweater midrise jean low jean,Casual
chiffon blouse vneck top blue top red shoe suede shoe ankle strap shoe fringe sandal embellished sandal wrap sandal,Casual
short blue short high short mini short studio shoe flower elastic sandal orange romper orange choker necklace white necklace orange,Casual
black jean highwaisted skinny jean ripped jean high distressed jean flower hoodie,Casual
cap sleeve top adidas white shoe pocket tee t-shirt crew neck floral skirt black jean skinny jean patched,Casual
wide shoe black flat shoe cross strap sandal short sleeve tee crewneck tee crop-top white linen shirt,Casual
