Light Top,Dark Top,Light Down,Dark Down,Shoes,Allinone,Light Layer,Dark Layer,Coat,Accessory
white bralette,multi stripe rib tshirt,white denim biker shorts,white tweed check mini skirt,white platform strappy heel,white floral print playsuit,white denim jacket,navy crop sweater,tan suede oversized jacket,pink beanie
white sleeveless broderie top,yellow multi stripe oversized tshirt,white mini skirt,b/w print mini skirt,black stiletto heels,white daisy embroidered set,white fluffy hoodie,navy sweater,tan suede crop jacket,black beanie
white t-shirt,orange high neck pleated blouse,yellow midi pencil skirt,yellow suede aline mini skirt,navy suede docs,brown corduroy zip mini dress,b/w stripe blazer,mustard crop corduroy jacket,dark green long coat,red beret
white short-sleeve shirt,maroon paisley short-sleeve shirt,pink suede mini bodycon skirt,tan suede mini skirt,black maryjane shoes,navy broderie set,white logo hoodie,navy blazer,beige coat,black beret
white sheer short-sleeve shirt,maroon knit sweater,pink corduroy mini skirt,gold satin midi slip skirt,black maryjane platform boots,denim floral sleeveless mini skater dress,white crop cardigan,navy corduroy oversized shirt,navy lightweight trench coat,navy beret
white long sleeve high neck top ,navy tshirt,mustard corduroy mini skirt,orange corduroy button mini skirt,black boots,blue paisley sleeveless mini dress,cream tweed check blazer,black stripe oversized shirt,navy wool coat,navy fold hat
white long sleeve broderie shirt,navy long sleeve high neck top,light blue denim shorts,red bodycon midi skirt,white nike sneakers,blue denim bodycon mini dress,yellow long sweater,green corduroy sweater,blue denim jacket,navy bucket hat
beige space print oversized tshirt,dark green floral shirt,blue silk aline midi skirt,black chevron mini skirt,black highcut converse,blue denim acid wash mini skater dress,pink fluffy sweater,black crop sweater,black leather jacket,pink bucket hat
oatmeal long sleeve high neck top,blue multi stripe tshirt,sage corduroy crop trouser,maroon corduroy aline skirt,black nike sneakers,khaki green corduroy set,pink crop sweater,black logo sweater,black suede crop jacket,black vinyl hat
pink eyelash trim cami,black bralette,pink corduroy trouser,navy check mini skirt,black strappy ribbon heels,dark dreen vneck playsuit,light blue chunky knit sweater,black gold diamond stripe knit sweater,black fringe long pocket coat,daisy earrings
sage vneck cami,black jersey v-neck tank,light blue denim crop jeans,navy pleat long shorts,black strappy floral heels,black velvet mini dress,pale blue sweater,black chunky knit sweater,tan suede oversized jacket,daisy choker
blue long sleeve broderie blouse,black mesh bodysuit,blue denim jeans,navy midi pencil skirt,maroon oxford docs,black velvet floral mini dress,green crewneck sweater,black fluffy crop cardigan,tan suede crop jacket,gold hoop earrings
white long sleeve oversize long blouse,black mesh long sleeve top,orange trouser,navy check trouser,mustard low heels,black tweed blazer set,navy denim crop jacket,green knit long cardigan,dark green long coat,silver hoop earrings
white knit top,black tshirt,tan multi check mini skirt,navy sequin skater mini skirt,white platform strappy heel,silver sparkle tier mini dress,khaki lightweight oversized jacket,black crop cape,beige coat,ruby pendant necklace
white collar pleat blouse,black long sleeve high neck top,tan cargo trousers,blue denim fray hem mini skirt,black stiletto heels,black mesh mini dress,black crop zip vest,navy crop sweater,navy lightweight trench coat,gold feather necklace
white bralette,multi stripe rib tshirt,white denim biker shorts,green tartan midi pencil skirt,navy suede docs,white mesh tier maxi dress,purple fluffy crop cardigan,navy sweater,navy wool coat,black stud earrings
white sleeveless broderie top,yellow multi stripe oversized tshirt,white mini skirt,green floral slit midi skirt,black maryjane shoes,brown polkadot midi dress,crop lightweight denim jacket,mustard crop corduroy jacket,blue denim jacket,pearl hairband
white t-shirt,orange high neck pleated blouse,yellow midi pencil skirt,green tartan pleat mini skirt,black maryjane platform boots,black short-sleeve jumpsuit,sage crop sweater,navy blazer,black leather jacket,black fishnets
white short-sleeve shirt,maroon paisley short-sleeve shirt,pink suede mini bodycon skirt,silver sparkle sheer midi skirt,black boots,blue denim short-sleeve jumpsuit,black knit vest,navy corduroy oversized shirt,black suede crop jacket,pink beanie
white sheer short-sleeve shirt,maroon knit sweater,pink corduroy mini skirt,black crop trouser,white nike sneakers,blue floral crop jumpsuit,white denim jacket,black stripe oversized shirt,black fringe long pocket coat,black beanie
white long sleeve high neck top ,navy tshirt,mustard corduroy mini skirt,black long high waist trouser,black highcut converse,black floral long sleeve tier maxi dress,white fluffy hoodie,green corduroy sweater,tan suede oversized jacket,red beret
white long sleeve broderie shirt,navy long sleeve high neck top,light blue denim shorts,black rib slit bodycon midi skirt,black nike sneakers,navy sleeveless beach print jumpsuit,b/w stripe blazer,black crop sweater,tan suede crop jacket,black beret
beige space print oversized tshirt,dark green floral shirt,blue silk aline midi skirt,black corduroy skater mini skirt,black strappy ribbon heels,black denim overalls,white logo hoodie,black logo sweater,dark green long coat,navy beret
oatmeal long sleeve high neck top,blue multi stripe tshirt,sage corduroy crop trouser,black bodycon mini skirt,black strappy floral heels,blue denim overalls,white crop cardigan,black gold diamond stripe knit sweater,beige coat,navy fold hat
pink eyelash trim cami,black bralette,pink corduroy trouser,black bodycon midi skirt,maroon oxford docs,white floral print playsuit,cream tweed check blazer,black chunky knit sweater,navy lightweight trench coat,navy bucket hat
sage vneck cami,black jersey v-neck tank,light blue denim crop jeans,cream floral lace skater skirt,mustard low heels,white daisy embroidered set,yellow long sweater,black fluffy crop cardigan,navy wool coat,pink bucket hat
blue long sleeve broderie blouse,black mesh bodysuit,blue denim jeans,navy denim high waist short,white platform strappy heel,brown corduroy zip mini dress,pink fluffy sweater,green knit long cardigan,blue denim jacket,black vinyl hat
white long sleeve oversize long blouse,black mesh long sleeve top,orange trouser,black denim crop jeans,black stiletto heels,navy broderie set,pink crop sweater,black crop cape,black leather jacket,daisy earrings
white knit top,black tshirt,tan multi check mini skirt,black denim oversized jeans,navy suede docs,denim floral sleeveless mini skater dress,light blue chunky knit sweater,navy crop sweater,black suede crop jacket,daisy choker
white collar pleat blouse,black long sleeve high neck top,tan cargo trousers,black pocket trousers,black maryjane shoes,blue paisley sleeveless mini dress,pale blue sweater,navy sweater,black fringe long pocket coat,gold hoop earrings
